<?xml version="1.0" encoding="UTF-8"?>
<beans xmlns="http://www.springframework.org/schema/beans"
	xmlns:context="http://www.springframework.org/schema/context"
	xmlns:jdbc="http://www.springframework.org/schema/jdbc" xmlns:p="http://www.springframework.org/schema/p"
	xmlns:tx="http://www.springframework.org/schema/tx" xmlns:xsi="http://www.w3.org/2001/XMLSchema-instance"
	xsi:schemaLocation="
        http://www.springframework.org/schema/beans http://www.springframework.org/schema/beans/spring-beans.xsd
        http://www.springframework.org/schema/context http://www.springframework.org/schema/context/spring-context.xsd
        http://www.springframework.org/schema/jdbc http://www.springframework.org/schema/jdbc/spring-jdbc-3.1.xsd
        http://www.springframework.org/schema/tx http://www.springframework.org/schema/tx/spring-tx-3.1.xsd">

	<context:annotation-config />
	<context:component-scan base-package="com.tos.hrms" />

    <tx:annotation-driven />
    
	<jdbc:embedded-database id="dataSource" type="H2">
		<jdbc:script location="classpath:/database/h2/create-schema.sql" />
		<jdbc:script location="classpath:/database/h2/insert_data.sql" />
	</jdbc:embedded-database>

	<bean id="jdbcTemplate" class="org.springframework.jdbc.core.JdbcTemplate"
		p:dataSource-ref="dataSource" />

	<bean
		class="org.springframework.web.servlet.view.InternalResourceViewResolver">
		<!-- <property name="prefix"> <value>/WEB-INF/pages/</value> </property> -->
		<property name="suffix">
			<value>.jsp</value>
		</property>
	</bean>
</beans>