<?xml version="1.0" encoding="UTF-8"?>
<beans xmlns="http://www.springframework.org/schema/beans"
	xmlns:xsi="http://www.w3.org/2001/XMLSchema-instance" 
	xmlns:jdbc="http://www.springframework.org/schema/jdbc"
	xmlns:tx="http://www.springframework.org/schema/tx" 
	xmlns:p="http://www.springframework.org/schema/p"
	xmlns:context="http://www.springframework.org/schema/context"
	xsi:schemaLocation="http://www.springframework.org/schema/jdbc http://www.springframework.org/schema/jdbc/spring-jdbc-3.1.xsd
        http://www.springframework.org/schema/beans http://www.springframework.org/schema/beans/spring-beans-3.1.xsd
        http://www.springframework.org/schema/context http://www.springframework.org/schema/context/spring-context-3.1.xsd
        http://www.springframework.org/schema/tx http://www.springframework.org/schema/tx/spring-tx-3.1.xsd">

	<context:component-scan base-package="com.tos.hrms">
    	<context:exclude-filter type="regex" expression="com.tos.hrms.controller.*"/>
    </context:component-scan>
    
	

	<!-- <jdbc:embedded-database id="dataSource" type="H2">
		<jdbc:script location="classpath:/database/h2/create-schema.sql" />
		<jdbc:script location="classpath:/database/h2/insert-data.sql" />
	</jdbc:embedded-database> -->
	
	<bean id="dataSource" class="org.springframework.jdbc.datasource.DriverManagerDataSource">
		<property name="driverClassName" value="org.postgresql.Driver" />
		<property name="url" value="jdbc:postgresql://127.0.0.1:5432/postgres" />
		<property name="username" value="postgres" /> 
		<property name="password" value="root" />
	</bean>
	
	<bean id="jdbcTemplate" class="org.springframework.jdbc.core.JdbcTemplate"
		p:dataSource-ref="dataSource" />
</beans>